Step,Framework,Duration (s),Energy (Wh),CO2 (kg),Memory (MB),Total rows analysed,Efficiency ratio
Average rating per author,Pandas,8.025,0.041149,1e-05,17239.89,153530,16013126473.08822
Number of reviews per publisher,Pandas,0.515,0.002125,0.0,16153.34,16017,32345999740.426025
Top 10 most-reviewed categories,Pandas,7.131,0.028707,7e-06,16092.79,10,1495071.89659
Average review length,Pandas,30.942,0.099816,2.3e-05,16566.36,3000000,128993330283.20215
Most frequent keywords,Pandas,309.892,2.577343,0.000601,8243.85,10,16652.20608
